ua01_id_punktu_adresowego,ua02_id_pe,ua03_id_po,ua04_terc,ua05_simc,ua06_ulic,ua07_nr_porzadkowy,ua08_szerokosc,ua09_dlugosc,ua10_medium_dochodzace_do_pa,ua11_technologia_dostepowa,ua12_instalacja_telekom,ua13_medium_instalacji_budynku,ua14_technologia_dostepowa,ua15_identyfikacja_uslugi,ua16_dostep_stacjonarny,ua17_dostep_stacjonarny_bezprzewodowy,ua18_telewizja_cyfrowa,ua19_radio,ua20_usluga_telefoniczna,ua21_predkosc_uslugi_td,ua22_liczba_uzytkownikow_uslugi_td
PAW2_1,PE_1_W2,AIRNETSPZOO,2204032,0163989,04801,15,54.3167,18.5512,radiowe,WiFi - 802.11ac w paśmie 5GHz,,,,SPE_1_W2_1,Nie,Tak,Nie,Nie,Nie,05,1
PAW3_1,PE_1_W3,AIRNETSPZOO,2261011,0933016,26191,9c,54.3740,18.5237,radiowe,WiFi - 802.11ac w paśmie 5GHz,,,,SPE_1_W3_1,Nie,Tak,Nie,Nie,Nie,03,2
PAW4_1,PE_1_W4,AIRNETSPZOO,2261011,0933016,29213,13,54.4222,18.4689,radiowe,WiFi - 802.11ac w paśmie 5GHz,,,,SPE_1_W4_1,Nie,Tak,Nie,Nie,Nie,03,1
PAW6_1,PE_1_W6,AIRNETSPZOO,2215092,0175120,03509,3,54.4646,18.3729,radiowe,WiFi - 802.11ac w paśmie 5GHz,,,,SPE_1_W6_1,Nie,Tak,Nie,Nie,Nie,03,2
PAW7_1,PE_1_W7,AIRNETSPZOO,2215092,0175461,20254,6,54.4247,18.3387,radiowe,WiFi - 802.11ac w paśmie 5GHz,,,,SPE_1_W7_1,Nie,Tak,Nie,Nie,Nie,03,1
PAW9_1,PE_1_W9,AIRNETSPZOO,2215092,0175188,08179,2,54.4490,18.3874,radiowe,WiFi - 802.11ac w paśmie 5GHz,,,,SPE_1_W9_1,Nie,Tak,Nie,Nie,Nie,03,2
PAW9_2,PE_1_W9,AIRNETSPZOO,2215092,0175188,08179,2,54.4490,18.3874,radiowe,WiFi - 802.11ac w paśmie 5GHz,,,,SPE_1_W9_2,Nie,Tak,Nie,Nie,Nie,05,1
PAW10_1,PE_1_W10,AIRNETSPZOO,2215092,0175290,19908,58,54.4608,18.3075,radiowe,WiFi - 802.11ac w paśmie 5GHz,,,,SPE_1_W10_1,Nie,Tak,Nie,Nie,Nie,03,1
PAW10_2,PE_1_W10,AIRNETSPZOO,2215092,0175290,19908,58,54.4608,18.3075,radiowe,WiFi - 802.11ac w paśmie 5GHz,,,,SPE_1_W10_2,Nie,Tak,Nie,Nie,Nie,02,1
PAW13_1,PE_1_W13,AIRNETSPZOO,2261011,0933016,09024,4,54.4311,18.4767,radiowe,WiFi - 802.11ac w paśmie 5GHz,,,,SPE_1_W13_1,Nie,Tak,Nie,Nie,Nie,03,1
PAW14_1,PE_1_W14,AIRNETSPZOO,2215092,0175461,28683,6,54.4283,18.3444,radiowe,WiFi - 802.11ac w paśmie 5GHz,,,,SPE_1_W14_1,Nie,Tak,Nie,Nie,Nie,03,1
PAW15_1,PE_1_W15,AIRNETSPZOO,2205085,0991380,06029,25,54.3132,18.3592,radiowe,WiFi - 802.11ac w paśmie 5GHz,,,,SPE_1_W15_1,Nie,Tak,Nie,Nie,Nie,03,7
PAW15_2,PE_1_W15,AIRNETSPZOO,2205085,0991380,06029,25,54.3132,18.3592,radiowe,WiFi - 802.11ac w paśmie 5GHz,,,,SPE_1_W15_2,Nie,Tak,Nie,Nie,Nie,02,2
PAW16_1,PE_1_W16,AIRNETSPZOO,2261011,0933016,08323,28,54.4144,18.4684,radiowe,WiFi - 802.11ac w paśmie 5GHz,,,,SPE_1_W16_1,Nie,Tak,Nie,Nie,Nie,03,2
PAW16_2,PE_1_W16,AIRNETSPZOO,2261011,0933016,08323,28,54.4144,18.4684,radiowe,WiFi - 802.11ac w paśmie 5GHz,,,,SPE_1_W16_2,Nie,Tak,Nie,Nie,Nie,05,1
PAW17_1,PE_1_W17,AIRNETSPZOO,2205085,0177402,20254,28,54.3160,18.3802,radiowe,WiFi - 802.11ac w paśmie 5GHz,,,,SPE_1_W17_1,Nie,Tak,Nie,Nie,Nie,02,1
PAW17_2,PE_1_W17,AIRNETSPZOO,2205085,0177402,20254,28,54.3160,18.3802,radiowe,WiFi - 802.11ac w paśmie 5GHz,,,,SPE_1_W17_2,Nie,Tak,Nie,Nie,Nie,03,1
PAW18_1,PE_1_W18,AIRNETSPZOO,2205085,0177402,15300,2,54.3084,18.3926,radiowe,WiFi - 802.11ac w paśmie 5GHz,,,,SPE_1_W18_1,Nie,Tak,Nie,Nie,Nie,05,1
PAW18_2,PE_1_W18,AIRNETSPZOO,2205085,0177402,15300,2,54.3084,18.3926,radiowe,WiFi - 802.11ac w paśmie 5GHz,,,,SPE_1_W18_2,Nie,Tak,Nie,Nie,Nie,03,1
PAW19_1,PE_1_W19,AIRNETSPZOO,2205085,0177402,15300,4,54.3082,18.3938,radiowe,WiFi - 802.11ac w paśmie 5GHz,,,,SPE_1_W19_1,Nie,Tak,Nie,Nie,Nie,02,2
PAW19_2,PE_1_W19,AIRNETSPZOO,2205085,0177402,15300,4,54.3082,18.3938,radiowe,WiFi - 802.11ac w paśmie 5GHz,,,,SPE_1_W19_2,Nie,Tak,Nie,Nie,Nie,03,1
PAW20_1,PE_1_W20,AIRNETSPZOO,2205084,0935127,,32,54.3451,18.3570,radiowe,WiFi - 802.11ac w paśmie 5GHz,,,,SPE_1_W20_1,Nie,Tak,Nie,Nie,Nie,03,4
PAW22_1,PE_1_W22,AIRNETSPZOO,2205052,0172480,,28,54.2089,18.1734,radiowe,WiFi - 802.11ac w paśmie 5GHz,,,,SPE_1_W22_1,Nie,Tak,Nie,Nie,Nie,04,1
PAW22_2,PE_1_W22,AIRNETSPZOO,2205052,0172480,,28,54.2089,18.1734,radiowe,WiFi - 802.11ac w paśmie 5GHz,,,,SPE_1_W22_2,Nie,Tak,Nie,Nie,Nie,03,2
PAW22_3,PE_1_W22,AIRNETSPZOO,2205052,0172480,,28,54.2089,18.1734,radiowe,WiFi - 802.11ac w paśmie 5GHz,,,,SPE_1_W22_3,Nie,Tak,Nie,Nie,Nie,02,1
PAW23_1,PE_1_W23,AIRNETSPZOO,2205052,0172416,08124,1,54.2396,18.2028,radiowe,WiFi - 802.11ac w paśmie 5GHz,,,,SPE_1_W23_1,Nie,Tak,Nie,Nie,Nie,02,3
PAW23_2,PE_1_W23,AIRNETSPZOO,2205052,0172416,08124,1,54.2396,18.2028,radiowe,WiFi - 802.11ac w paśmie 5GHz,,,,SPE_1_W23_2,Nie,Tak,Nie,Nie,Nie,01,1
PAW23_3,PE_1_W23,AIRNETSPZOO,2205052,0172416,08124,1,54.2396,18.2028,radiowe,WiFi - 802.11ac w paśmie 5GHz,,,,SPE_1_W23_3,Nie,Tak,Nie,Nie,Nie,04,1
PAW25_1,PE_1_W25,AIRNETSPZOO,2205042,0171434,,33B,54.3156,17.9382,radiowe,WiFi - 802.11ac w paśmie 5GHz,,,,SPE_1_W25_1,Nie,Tak,Nie,Nie,Nie,02,1
PAW26_1,PE_1_W26,AIRNETSPZOO,2205062,0173806,19335,5,54.2474,17.8965,radiowe,WiFi - 802.11ac w paśmie 5GHz,,,,SPE_1_W26_1,Nie,Tak,Nie,Nie,Nie,03,1
PAW28_1,PE_1_W28,AIRNETSPZOO,2205072,0174817,,60,54.3094,17.8164,radiowe,WiFi - 802.11ac w paśmie 5GHz,,,,SPE_1_W28_1,Nie,Tak,Nie,Nie,Nie,02,1
PAW29_1,PE_1_W29,AIRNETSPZOO,2205072,0174852,00209,45,54.2393,17.7782,radiowe,WiFi - 802.11ac w paśmie 5GHz,,,,SPE_1_W29_1,Nie,Tak,Nie,Nie,Nie,02,1
PAW30_1,PE_1_W30,AIRNETSPZOO,2205072,0174792,,32A,54.2838,17.8128,radiowe,WiFi - 802.11ac w paśmie 5GHz,,,,SPE_1_W30_1,Nie,Tak,Nie,Nie,Nie,03,2
PAW31_1,PE_1_W31,AIRNETSPZOO,2205052,0172675,17011,5,54.2703,18.2084,radiowe,WiFi - 802.11ac w paśmie 5GHz,,,,SPE_1_W31_1,Nie,Tak,Nie,Nie,Nie,02,1
PAW32_1,PE_1_W32,AIRNETSPZOO,2205052,0172675,17011,7C,54.2737,18.2125,radiowe,WiFi - 802.11ac w paśmie 5GHz,,,,SPE_1_W32_1,Nie,Tak,Nie,Nie,Nie,02,2
PAW34_1,PE_1_W34,AIRNETSPZOO,2205052,0172505,34563,21,54.2522,18.1394,radiowe,WiFi - 802.11ac w paśmie 5GHz,,,,SPE_1_W34_1,Nie,Tak,Nie,Nie,Nie,02,1
PAW35_1,PE_1_W35,AIRNETSPZOO,2205025,0163104,25331,39,54.3195,18.2587,radiowe,WiFi - 802.11ac w paśmie 5GHz,,,,SPE_1_W35_1,Nie,Tak,Nie,Nie,Nie,03,1
PAW36_1,PE_1_W36,AIRNETSPZOO,2205052,0172439,,35F,54.2765,18.1634,radiowe,WiFi - 802.11ac w paśmie 5GHz,,,,SPE_1_W36_1,Nie,Tak,Nie,Nie,Nie,02,1
PAW37_1,PE_1_W37,AIRNETSPZOO,2204052,0170140,22003,20,54.2040,18.2776,radiowe,WiFi - 802.11ac w paśmie 5GHz,,,,SPE_1_W37_1,Nie,Tak,Nie,Nie,Nie,02,2
PAW37_2,PE_1_W37,AIRNETSPZOO,2204052,0170140,22003,20,54.2040,18.2776,radiowe,WiFi - 802.11ac w paśmie 5GHz,,,,SPE_1_W37_2,Nie,Tak,Nie,Nie,Nie,04,1
PAW40_1,PE_1_W40,AIRNETSPZOO,2205052,1014441,,5,54.2594,18.2507,radiowe,WiFi - 802.11ac w paśmie 5GHz,,,,SPE_1_W40_1,Nie,Tak,Nie,Nie,Nie,03,1
PAW42_1,PE_1_W42,AIRNETSPZOO,2205052,0172385,20998,24,54.2707,18.2876,radiowe,WiFi - 802.11ac w paśmie 5GHz,,,,SPE_1_W42_1,Nie,Tak,Nie,Nie,Nie,03,4
PAW42_2,PE_1_W42,AIRNETSPZOO,2205052,0172385,20998,24,54.2707,18.2876,radiowe,WiFi - 802.11ac w paśmie 5GHz,,,,SPE_1_W42_2,Nie,Tak,Nie,Nie,Nie,02,3
PAW43_1,PE_1_W43,AIRNETSPZOO,2261011,0933016,21620,12,54.3475,18.4810,radiowe,WiFi - 802.11ac w paśmie 5GHz,,,,SPE_1_W43_1,Nie,Tak,Nie,Nie,Nie,03,2
PAW44_1,PE_1_W44,AIRNETSPZOO,2261011,0933016,12618,1,54.4121,18.4458,radiowe,WiFi - 802.11ac w paśmie 5GHz,,,,SPE_1_W44_1,Nie,Tak,Nie,Nie,Nie,06,1
PAW45_1,PE_1_W45,AIRNETSPZOO,2261011,0933016,14535,7a,54.4175,18.4561,radiowe,WiFi - 802.11ac w paśmie 5GHz,,,,SPE_1_W45_1,Nie,Tak,Nie,Nie,Nie,04,1
PAW47_1,PE_1_W47,AIRNETSPZOO,2205085,0177448,17534,14,54.3815,18.4278,radiowe,WiFi - 802.11ac w paśmie 5GHz,,,,SPE_1_W47_1,Nie,Tak,Nie,Nie,Nie,03,3
PAW50_1,PE_1_W50,AIRNETSPZOO,2205085,0177247,13706,26,54.3544,18.4245,radiowe,WiFi - 802.11ac w paśmie 5GHz,,,,SPE_1_W50_1,Nie,Tak,Nie,Nie,Nie,03,8
PAW50_2,PE_1_W50,AIRNETSPZOO,2205085,0177247,13706,26,54.3544,18.4245,radiowe,WiFi - 802.11ac w paśmie 5GHz,,,,SPE_1_W50_2,Nie,Tak,Nie,Nie,Nie,04,1
PAW50_3,PE_1_W50,AIRNETSPZOO,2205085,0177247,13706,26,54.3544,18.4245,radiowe,WiFi - 802.11ac w paśmie 5GHz,,,,SPE_1_W50_3,Nie,Tak,Nie,Nie,Nie,02,1
PAW51_1,PE_1_W51,AIRNETSPZOO,2205085,0177276,20254,21,54.3610,18.3680,radiowe,WiFi - 802.11ac w paśmie 5GHz,,,,SPE_1_W51_1,Nie,Tak,Nie,Nie,Nie,02,2
PAW51_2,PE_1_W51,AIRNETSPZOO,2205085,0177276,20254,21,54.3610,18.3680,radiowe,WiFi - 802.11ac w paśmie 5GHz,,,,SPE_1_W51_2,Nie,Tak,Nie,Nie,Nie,03,3
PAW51_3,PE_1_W51,AIRNETSPZOO,2205085,0177276,20254,21,54.3610,18.3680,radiowe,WiFi - 802.11ac w paśmie 5GHz,,,,SPE_1_W51_3,Nie,Tak,Nie,Nie,Nie,01,1
PAW53_1,PE_1_W53,AIRNETSPZOO,2205085,0177276,15590,3A,54.3698,18.3553,radiowe,WiFi - 802.11ac w paśmie 5GHz,,,,SPE_1_W53_1,Nie,Tak,Nie,Nie,Nie,02,1
PAW53_2,PE_1_W53,AIRNETSPZOO,2205085,0177276,15590,3A,54.3698,18.3553,radiowe,WiFi - 802.11ac w paśmie 5GHz,,,,SPE_1_W53_2,Nie,Tak,Nie,Nie,Nie,03,3
PAW53_3,PE_1_W53,AIRNETSPZOO,2205085,0177276,15590,3A,54.3698,18.3553,radiowe,WiFi - 802.11ac w paśmie 5GHz,,,,SPE_1_W53_3,Nie,Tak,Nie,Nie,Nie,04,1
PAW55_1,PE_1_W55,AIRNETSPZOO,2205085,0177388,,193,54.2849,18.3293,radiowe,WiFi - 802.11ac w paśmie 5GHz,,,,SPE_1_W55_1,Nie,Tak,Nie,Nie,Nie,02,1
PAW56_1,PE_1_W56,AIRNETSPZOO,2205085,0177454,20254,43,54.2916,18.3567,radiowe,WiFi - 802.11ac w paśmie 5GHz,,,,SPE_1_W56_1,Nie,Tak,Nie,Nie,Nie,02,3
PAW58_1,PE_1_W58,AIRNETSPZOO,2205025,0163245,,3,54.3445,18.2345,radiowe,WiFi - 802.11ac w paśmie 5GHz,,,,SPE_1_W58_1,Nie,Tak,Nie,Nie,Nie,03,3
PAW59_1,PE_1_W59,AIRNETSPZOO,2205085,0177402,07535,12,54.3017,18.3989,radiowe,WiFi - 802.11ac w paśmie 5GHz,,,,SPE_1_W59_1,Nie,Tak,Nie,Nie,Nie,03,1
PAW60_1,PE_1_W60,AIRNETSPZOO,2205085,0177247,03572,23,54.3499,18.4569,radiowe,WiFi - 802.11ac w paśmie 5GHz,,,,SPE_1_W60_1,Nie,Tak,Nie,Nie,Nie,01,1
PAW61_1,PE_1_W61,AIRNETSPZOO,2261011,0933016,11110,16,54.3451,18.5073,radiowe,WiFi - 802.11ac w paśmie 5GHz,,,,SPE_1_W61_1,Nie,Tak,Nie,Nie,Nie,04,1
PAW61_2,PE_1_W61,AIRNETSPZOO,2261011,0933016,11110,16,54.3451,18.5073,radiowe,WiFi - 802.11ac w paśmie 5GHz,,,,SPE_1_W61_2,Nie,Tak,Nie,Nie,Nie,03,2
PAW61_3,PE_1_W61,AIRNETSPZOO,2261011,0933016,11110,16,54.3451,18.5073,radiowe,WiFi - 802.11ac w paśmie 5GHz,,,,SPE_1_W61_3,Nie,Tak,Nie,Nie,Nie,02,1
PAW64_1,PE_1_W64,AIRNETSPZOO,2261011,0933016,39822,16,54.3486,18.4718,radiowe,WiFi - 802.11ac w paśmie 5GHz,,,,SPE_1_W64_1,Nie,Tak,Nie,Nie,Nie,03,1
PAW65_1,PE_1_W65,AIRNETSPZOO,2205085,0177514,31475,15C,54.3466,18.3257,radiowe,WiFi - 802.11ac w paśmie 5GHz,,,,SPE_1_W65_1,Nie,Tak,Nie,Nie,Nie,03,1
PAW65_2,PE_1_W65,AIRNETSPZOO,2205085,0177514,31475,15C,54.3466,18.3257,radiowe,WiFi - 802.11ac w paśmie 5GHz,,,,SPE_1_W65_2,Nie,Tak,Nie,Nie,Nie,04,1
PAW68_1,PE_1_W68,AIRNETSPZOO,2205032,0169680,20683,7,54.3822,18.2894,radiowe,WiFi - 802.11ac w paśmie 5GHz,,,,SPE_1_W68_1,Nie,Tak,Nie,Nie,Nie,01,1
PAW68_2,PE_1_W68,AIRNETSPZOO,2205032,0169680,20683,7,54.3822,18.2894,radiowe,WiFi - 802.11ac w paśmie 5GHz,,,,SPE_1_W68_2,Nie,Tak,Nie,Nie,Nie,03,1
PAW68_3,PE_1_W68,AIRNETSPZOO,2205032,0169680,20683,7,54.3822,18.2894,radiowe,WiFi - 802.11ac w paśmie 5GHz,,,,SPE_1_W68_3,Nie,Tak,Nie,Nie,Nie,05,1
PAW69_1,PE_1_W69,AIRNETSPZOO,2205032,0169680,10562,5,54.3737,18.2840,radiowe,WiFi - 802.11ac w paśmie 5GHz,,,,SPE_1_W69_1,Nie,Tak,Nie,Nie,Nie,04,1
PAW70_1,PE_1_W70,AIRNETSPZOO,2205085,1014464,,22,54.3359,18.4074,radiowe,WiFi - 802.11ac w paśmie 5GHz,,,,SPE_1_W70_1,Nie,Tak,Nie,Nie,Nie,02,1
PAW71_1,PE_1_W71,AIRNETSPZOO,2205032,0169874,42307,2,54.3931,18.2551,radiowe,WiFi - 802.11ac w paśmie 5GHz,,,,SPE_1_W71_1,Nie,Tak,Nie,Nie,Nie,03,1
PAW71_2,PE_1_W71,AIRNETSPZOO,2205032,0169874,42307,2,54.3931,18.2551,radiowe,WiFi - 802.11ac w paśmie 5GHz,,,,SPE_1_W71_2,Nie,Tak,Nie,Nie,Nie,02,1
PAW72_1,PE_1_W72,AIRNETSPZOO,2205032,0169756,07535,37,54.3577,18.3023,radiowe,WiFi - 802.11ac w paśmie 5GHz,,,,SPE_1_W72_1,Nie,Tak,Nie,Nie,Nie,03,1
PAW74_1,PE_1_W74,AIRNETSPZOO,2205032,0169526,14372,25,54.3996,18.2270,radiowe,WiFi - 802.11ac w paśmie 5GHz,,,,SPE_1_W74_1,Nie,Tak,Nie,Nie,Nie,03,1
PAW76_1,PE_1_W76,AIRNETSPZOO,2215092,0175343,04446,1,54.4312,18.2840,radiowe,WiFi - 802.11ac w paśmie 5GHz,,,,SPE_1_W76_1,Nie,Tak,Nie,Nie,Nie,02,1
PAW77_1,PE_1_W77,AIRNETSPZOO,2205032,0169489,05431,8,54.4136,18.3145,radiowe,WiFi - 802.11ac w paśmie 5GHz,,,,SPE_1_W77_1,Nie,Tak,Nie,Nie,Nie,02,1
PAW77_2,PE_1_W77,AIRNETSPZOO,2205032,0169489,05431,8,54.4136,18.3145,radiowe,WiFi - 802.11ac w paśmie 5GHz,,,,SPE_1_W77_2,Nie,Tak,Nie,Nie,Nie,03,1
PAW77_3,PE_1_W77,AIRNETSPZOO,2205032,0169489,05431,8,54.4136,18.3145,radiowe,WiFi - 802.11ac w paśmie 5GHz,,,,SPE_1_W77_3,Nie,Tak,Nie,Nie,Nie,04,1
PAW84_1,PE_1_W84,AIRNETSPZOO,2205032,0169845,08574,88,54.4136,18.3406,radiowe,WiFi - 802.11ac w paśmie 5GHz,,,,SPE_1_W84_1,Nie,Tak,Nie,Nie,Nie,03,1
PAW85_1,PE_1_W85,AIRNETSPZOO,2205085,0177282,,39,54.4057,18.3646,radiowe,WiFi - 802.11ac w paśmie 5GHz,,,,SPE_1_W85_1,Nie,Tak,Nie,Nie,Nie,03,1
PAW86_1,PE_1_W86,AIRNETSPZOO,2205085,0177313,47019,24,54.3868,18.3623,radiowe,WiFi - 802.11ac w paśmie 5GHz,,,,SPE_1_W86_1,Nie,Tak,Nie,Nie,Nie,03,2
PAW86_2,PE_1_W86,AIRNETSPZOO,2205085,0177313,47019,24,54.3868,18.3623,radiowe,WiFi - 802.11ac w paśmie 5GHz,,,,SPE_1_W86_2,Nie,Tak,Nie,Nie,Nie,04,1
PAW87_1,PE_1_W87,AIRNETSPZOO,2205085,0177313,05441,32,54.3810,18.3622,radiowe,WiFi - 802.11ac w paśmie 5GHz,,,,SPE_1_W87_1,Nie,Tak,Nie,Nie,Nie,03,2
PAW91_1,PE_1_W91,AIRNETSPZOO,2205085,0177320,18337,40B,54.3183,18.4257,radiowe,WiFi - 802.11ac w paśmie 5GHz,,,,SPE_1_W91_1,Nie,Tak,Nie,Nie,Nie,04,1
PAW93_1,PE_1_W93,AIRNETSPZOO,2205085,0177402,20254,28B,54.3149,18.3780,radiowe,WiFi - 802.11ac w paśmie 5GHz,,,,SPE_1_W93_1,Nie,Tak,Nie,Nie,Nie,05,1
PAW93_2,PE_1_W93,AIRNETSPZOO,2205085,0177402,20254,28B,54.3149,18.3780,radiowe,WiFi - 802.11ac w paśmie 5GHz,,,,SPE_1_W93_2,Nie,Tak,Nie,Nie,Nie,13,1
PAW93_3,PE_1_W93,AIRNETSPZOO,2205085,0177402,20254,28B,54.3149,18.3780,radiowe,WiFi - 802.11ac w paśmie 5GHz,,,,SPE_1_W93_3,Nie,Tak,Nie,Nie,Nie,03,1
PAW93_4,PE_1_W93,AIRNETSPZOO,2205085,0177402,20254,28B,54.3149,18.3780,radiowe,WiFi - 802.11ac w paśmie 5GHz,,,,SPE_1_W93_4,Nie,Tak,Tak,Nie,Nie,02,1
PAW98_1,PE_1_W98,AIRNETSPZOO,2215092,0175290,22977,3,54.4640,18.3256,radiowe,WiFi - 802.11ac w paśmie 5GHz,,,,SPE_1_W98_1,Nie,Tak,Nie,Nie,Nie,03,1
PAW100_1,PE_1_W100,AIRNETSPZOO,2261011,0933016,05272,23,54.4262,18.4862,radiowe,WiFi - 802.11ac w paśmie 5GHz,,,,SPE_1_W100_1,Nie,Tak,Nie,Nie,Nie,03,1
PAW102_1,PE_1_W102,AIRNETSPZOO,2205085,0991380,41348,21,54.3179,18.3374,radiowe,WiFi - 802.11ac w paśmie 5GHz,,,,SPE_1_W102_1,Nie,Tak,Nie,Nie,Nie,03,2
PAW104_1,PE_1_W104,AIRNETSPZOO,2205085,0177454,48918,32,54.3012,18.3638,radiowe,WiFi - 802.11ac w paśmie 5GHz,,,,SPE_1_W104_1,Nie,Tak,Nie,Nie,Nie,03,1
PAW105_1,PE_1_W105,AIRNETSPZOO,2205032,0169868,08171,33,54.4233,18.3584,radiowe,WiFi - 802.11ac w paśmie 5GHz,,,,SPE_1_W105_1,Nie,Tak,Nie,Nie,Nie,05,1
PAW106_1,PE_1_W106,AIRNETSPZOO,2205032,0169868,02566,14B,54.4190,18.3512,radiowe,WiFi - 802.11ac w paśmie 5GHz,,,,SPE_1_W106_1,Nie,Tak,Nie,Nie,Nie,03,2
PAW108_1,PE_1_W108,AIRNETSPZOO,2215092,0175461,20998,14,54.4395,18.3496,radiowe,WiFi - 802.11ac w paśmie 5GHz,,,,SPE_1_W108_1,Nie,Tak,Nie,Nie,Nie,03,1
PAW109_1,PE_1_W109,AIRNETSPZOO,2205085,0177112,18049,179,54.3924,18.3829,radiowe,WiFi - 802.11ac w paśmie 5GHz,,,,SPE_1_W109_1,Nie,Tak,Nie,Nie,Nie,02,1
PAW109_2,PE_1_W109,AIRNETSPZOO,2205085,0177112,18049,179,54.3924,18.3829,radiowe,WiFi - 802.11ac w paśmie 5GHz,,,,SPE_1_W109_2,Nie,Tak,Nie,Nie,Nie,04,1
PAW112_1,PE_1_W112,AIRNETSPZOO,2205085,0177112,13706,4,54.3931,18.3937,radiowe,WiFi - 802.11ac w paśmie 5GHz,,,,SPE_1_W112_1,Nie,Tak,Nie,Nie,Nie,05,1
PAW113_1,PE_1_W113,AIRNETSPZOO,2205032,0169489,16742,9,54.4198,18.3190,radiowe,WiFi - 802.11ac w paśmie 5GHz,,,,SPE_1_W113_1,Nie,Tak,Nie,Nie,Nie,02,2
PAW113_2,PE_1_W113,AIRNETSPZOO,2205032,0169489,16742,9,54.4198,18.3190,radiowe,WiFi - 802.11ac w paśmie 5GHz,,,,SPE_1_W113_2,Nie,Tak,Nie,Nie,Nie,03,2
PAW118_1,PE_1_W118,AIRNETSPZOO,2215092,0175290,07290,3,54.4525,18.3288,radiowe,WiFi - 802.11ac w paśmie 5GHz,,,,SPE_1_W118_1,Nie,Tak,Nie,Nie,Nie,04,1
PAW118_2,PE_1_W118,AIRNETSPZOO,2215092,0175290,07290,3,54.4525,18.3288,radiowe,WiFi - 802.11ac w paśmie 5GHz,,,,SPE_1_W118_2,Nie,Tak,Nie,Nie,Nie,03,1
PAW119_1,PE_1_W119,AIRNETSPZOO,2204052,0170104,10898,16,54.2309,18.3812,radiowe,WiFi - 802.11ac w paśmie 5GHz,,,,SPE_1_W119_1,Nie,Tak,Nie,Nie,Nie,03,1
PAW120_1,PE_1_W120,AIRNETSPZOO,2204052,0169992,18403,24,54.2499,18.3413,radiowe,WiFi - 802.11ac w paśmie 5GHz,,,,SPE_1_W120_1,Nie,Tak,Nie,Nie,Nie,03,1
PAW120_2,PE_1_W120,AIRNETSPZOO,2204052,0169992,18403,24,54.2499,18.3413,radiowe,WiFi - 802.11ac w paśmie 5GHz,,,,SPE_1_W120_2,Nie,Tak,Nie,Nie,Nie,02,1
PAW126_1,PE_1_W126,AIRNETSPZOO,2215092,0175202,15773,4,54.4412,18.3923,radiowe,WiFi - 802.11ac w paśmie 5GHz,,,,SPE_1_W126_1,Nie,Tak,Nie,Nie,Nie,02,1
PAW131_1,PE_1_W131,AIRNETSPZOO,2205025,0163417,16742,5,54.4026,18.0146,radiowe,WiFi - 802.11ac w paśmie 5GHz,,,,SPE_1_W131_1,Nie,Tak,Nie,Nie,Nie,02,1
PAW132_1,PE_1_W132,AIRNETSPZOO,2205025,0163417,34537,4,54.3923,18.0290,radiowe,WiFi - 802.11ac w paśmie 5GHz,,,,SPE_1_W132_1,Nie,Tak,Nie,Nie,Nie,03,1
PAW133_1,PE_1_W133,AIRNETSPZOO,2205025,0162949,,38A,54.3848,17.9970,radiowe,WiFi - 802.11ac w paśmie 5GHz,,,,SPE_1_W133_1,Nie,Tak,Nie,Nie,Nie,02,1
PAW134_1,PE_1_W134,AIRNETSPZOO,2205025,0163417,01842,4,54.3899,18.0278,radiowe,WiFi - 802.11ac w paśmie 5GHz,,,,SPE_1_W134_1,Nie,Tak,Nie,Nie,Nie,03,1
PAW142_1,PE_1_W142,AIRNETSPZOO,2205085,0177371,31918,39,54.3755,18.3955,radiowe,WiFi - 802.11ac w paśmie 5GHz,,,,SPE_1_W142_1,Nie,Tak,Nie,Nie,Nie,03,1
PAW145_1,PE_1_W145,AIRNETSPZOO,2205085,0177371,29356,2,54.3753,18.3970,radiowe,WiFi - 802.11ac w paśmie 5GHz,,,,SPE_1_W145_1,Nie,Tak,Nie,Nie,Nie,05,1
PAW146_1,PE_1_W146,AIRNETSPZOO,2205085,0177402,11522,44,54.3033,18.4100,radiowe,WiFi - 802.11ac w paśmie 5GHz,,,,SPE_1_W146_1,Nie,Tak,Nie,Nie,Nie,02,2
PAW146_2,PE_1_W146,AIRNETSPZOO,2205085,0177402,11522,44,54.3033,18.4100,radiowe,WiFi - 802.11ac w paśmie 5GHz,,,,SPE_1_W146_2,Nie,Tak,Nie,Nie,Nie,03,1
PAW148_1,PE_1_W148,AIRNETSPZOO,2205085,0177170,22508,6,54.4312,18.4353,radiowe,WiFi - 802.11ac w paśmie 5GHz,,,,SPE_1_W148_1,Nie,Tak,Nie,Nie,Nie,03,1
PAW149_1,PE_1_W149,AIRNETSPZOO,2215092,0175461,03811,6,54.4413,18.3499,radiowe,WiFi - 802.11ac w paśmie 5GHz,,,,SPE_1_W149_1,Nie,Tak,Nie,Nie,Nie,04,1
PAW150_1,PE_1_W150,AIRNETSPZOO,2205085,0177454,15953,73,54.3054,18.3400,radiowe,WiFi - 802.11ac w paśmie 5GHz,,,,SPE_1_W150_1,Nie,Tak,Nie,Nie,Nie,03,1
PAW150_2,PE_1_W150,AIRNETSPZOO,2205085,0177454,15953,73,54.3054,18.3400,radiowe,WiFi - 802.11ac w paśmie 5GHz,,,,SPE_1_W150_2,Nie,Tak,Nie,Nie,Nie,01,1
PAW151_1,PE_1_W151,AIRNETSPZOO,2205084,0935127,33503,24,54.3444,18.3490,radiowe,WiFi - 802.11ac w paśmie 5GHz,,,,SPE_1_W151_1,Nie,Tak,Nie,Nie,Nie,02,1
PAW151_2,PE_1_W151,AIRNETSPZOO,2205084,0935127,33503,24,54.3444,18.3490,radiowe,WiFi - 802.11ac w paśmie 5GHz,,,,SPE_1_W151_2,Nie,Tak,Nie,Nie,Nie,03,2
PAW151_3,PE_1_W151,AIRNETSPZOO,2205084,0935127,33503,24,54.3444,18.3490,radiowe,WiFi - 802.11ac w paśmie 5GHz,,,,SPE_1_W151_3,Nie,Tak,Nie,Nie,Nie,04,2
